drop table MEMBER;
drop table MEMBER_DETAIL;
drop table HOUSE;
drop table REGIST_HOUSE;
drop table REPORT;
drop table QUESTION;
drop table QUESTION_TO_REPLY;
drop table REPLY;
drop table REPORT_TO_REPLY;
drop table HOUSE_AVAIL_DATE;

drop sequence SEQ_HOUSE;
drop sequence SEQ_QUESTION;
drop sequence SEQ_REPLY;
drop sequence SEQ_REPORT;
drop sequence SEQ_QUESTION_REPLY;
drop sequence SEQ_REPORT_REPLY;
drop sequence SEQ_HOUSE_AVAIL_DATE;
drop sequence SEQ_REGIST_RH_ID;

CREATE SEQUENCE  "POJO"."SEQ_HOUSE"  MINVALUE 1 MAXVALUE 9999999999999999999999999999 INCREMENT BY 1 START WITH 1 CACHE 20 NOORDER  NOCYCLE ;
CREATE SEQUENCE  "POJO"."SEQ_QUESTION"  MINVALUE 1 MAXVALUE 9999999999999999999999999999 INCREMENT BY 1 START WITH 1 CACHE 20 NOORDER  NOCYCLE ;
CREATE SEQUENCE  "POJO"."SEQ_REPLY"  MINVALUE 1 MAXVALUE 9999999999999999999999999999 INCREMENT BY 1 START WITH 1 CACHE 20 NOORDER  NOCYCLE ;
CREATE SEQUENCE  "POJO"."SEQ_REPORT"  MINVALUE 1 MAXVALUE 9999999999999999999999999999 INCREMENT BY 1 START WITH 1 CACHE 20 NOORDER  NOCYCLE ;
CREATE SEQUENCE  "POJO"."SEQ_QUESTION_REPLY"  MINVALUE 1 MAXVALUE 9999999999999999999999999999 INCREMENT BY 1 START WITH 1 CACHE 20 NOORDER  NOCYCLE ;
CREATE SEQUENCE  "POJO"."SEQ_REPORT_REPLY"  MINVALUE 1 MAXVALUE 9999999999999999999999999999 INCREMENT BY 1 START WITH 1 CACHE 20 NOORDER  NOCYCLE ;
CREATE SEQUENCE  "POJO"."SEQ_HOUSE_AVAIL_DATE"  MINVALUE 1 MAXVALUE 9999999999999999999999999999 INCREMENT BY 1 START WITH 1 CACHE 20 NOORDER  NOCYCLE ;
CREATE SEQUENCE  "POJO"."SEQ_REGIST_RH_ID"  MINVALUE 1 MAXVALUE 9999999999999999999999999999 INCREMENT BY 1 START WITH 1 CACHE 20 NOORDER  NOCYCLE ;

select SEQ_HOUSE.nextval from dual;
select SEQ_QUESTION.nextval from dual;
select SEQ_REPLY.nextval from dual;
select SEQ_REPORT.nextval from dual;
select SEQ_QUESTION_REPLY.nextval from dual;
select SEQ_REPORT_REPLY.nextval from dual;
select SEQ_HOUSE_AVAIL_DATE.nextval from dual;
select SEQ_REGIST_RH_ID.nextval from dual;

select SEQ_HOUSE.currval from dual;
select SEQ_QUESTION.currval from dual;
select SEQ_REPLY.currval from dual;
select SEQ_REPORT.currval from dual;
select SEQ_QUESTION_REPLY.currval from dual;
select SEQ_REPORT_REPLY.currval from dual;
select SEQ_HOUSE_AVAIL_DATE.currval from dual;
select SEQ_REGIST_RH_ID.currval from dual;

  CREATE TABLE "POJO"."MEMBER" 
   (	"MEM_ID" VARCHAR2(20 BYTE) NOT NULL ENABLE, 
	"MEM_NAME" VARCHAR2(20 BYTE), 
	"MEM_PASSWORD" VARCHAR2(30 BYTE), 
  	"MEM_NA" VARCHAR2(20 BYTE), 
	"MEM_PHONE" VARCHAR2(40 BYTE), 
	"MEM_EMAIL" VARCHAR2(40 BYTE), 
	"MEM_GENDER" VARCHAR2(10 BYTE), 
	"MEM_IMG" VARCHAR2(200 BYTE), 
	"MEM_INTRO" VARCHAR2(400 BYTE), 
	"DETAIL_ID" NUMBER(20,0), 
	"DETAIL_GRADE" VARCHAR2(30 BYTE) NOT NULL ENABLE, 
	 CONSTRAINT "MEMBER_PK" PRIMARY KEY ("MEM_ID")
  USING INDEX PCTFREE 10 INITRANS 2 MAXTRANS 255 
  STORAGE(INITIAL 65536 NEXT 1048576 MINEXTENTS 1 MAXEXTENTS 2147483645
  PCTINCREASE 0 FREELISTS 1 FREELIST GROUPS 1 BUFFER_POOL DEFAULT FLASH_CACHE DEFAULT CELL_FLASH_CACHE DEFAULT)
  TABLESPACE "USERS"  ENABLE
   ) SEGMENT CREATION IMMEDIATE 
  PCTFREE 10 PCTUSED 40 INITRANS 1 MAXTRANS 255 NOCOMPRESS LOGGING
  STORAGE(INITIAL 65536 NEXT 1048576 MINEXTENTS 1 MAXEXTENTS 2147483645
  PCTINCREASE 0 FREELISTS 1 FREELIST GROUPS 1 BUFFER_POOL DEFAULT FLASH_CACHE DEFAULT CELL_FLASH_CACHE DEFAULT)
  TABLESPACE "USERS" ;


  CREATE TABLE "POJO"."MEMBER_DETAIL" 
   (	"DETAIL_ID" NUMBER(20,0) NOT NULL ENABLE, 
	"DETAIL_GRADE" VARCHAR2(30 BYTE), 
	 CONSTRAINT "MEMBER_DETAIL_PK" PRIMARY KEY ("DETAIL_ID")
  USING INDEX PCTFREE 10 INITRANS 2 MAXTRANS 255 
  STORAGE(INITIAL 65536 NEXT 1048576 MINEXTENTS 1 MAXEXTENTS 2147483645
  PCTINCREASE 0 FREELISTS 1 FREELIST GROUPS 1 BUFFER_POOL DEFAULT FLASH_CACHE DEFAULT CELL_FLASH_CACHE DEFAULT)
  TABLESPACE "USERS"  ENABLE
   ) SEGMENT CREATION IMMEDIATE 
  PCTFREE 10 PCTUSED 40 INITRANS 1 MAXTRANS 255 NOCOMPRESS LOGGING
  STORAGE(INITIAL 65536 NEXT 1048576 MINEXTENTS 1 MAXEXTENTS 2147483645
  PCTINCREASE 0 FREELISTS 1 FREELIST GROUPS 1 BUFFER_POOL DEFAULT FLASH_CACHE DEFAULT CELL_FLASH_CACHE DEFAULT)
  TABLESPACE "USERS" ;
 
 
  CREATE TABLE "POJO"."REGIST_HOUSE" 
   (	"RH_ID" NUMBER(20,0) NOT NULL ENABLE, 
	"CHECK_IN" VARCHAR2(40 BYTE), 
	"CHECK_OUT" VARCHAR2(40 BYTE), 
	"HOUSE_NO" NUMBER(30,0), 
	"MEMBER_ID" VARCHAR2(30 BYTE), 
	 CONSTRAINT "REGIST_HOUSE_PK" PRIMARY KEY ("RH_ID")
  USING INDEX PCTFREE 10 INITRANS 2 MAXTRANS 255 
  STORAGE(INITIAL 65536 NEXT 1048576 MINEXTENTS 1 MAXEXTENTS 2147483645
  PCTINCREASE 0 FREELISTS 1 FREELIST GROUPS 1 BUFFER_POOL DEFAULT FLASH_CACHE DEFAULT CELL_FLASH_CACHE DEFAULT)
  TABLESPACE "USERS"  ENABLE
   ) SEGMENT CREATION IMMEDIATE 
  PCTFREE 10 PCTUSED 40 INITRANS 1 MAXTRANS 255 NOCOMPRESS LOGGING
  STORAGE(INITIAL 65536 NEXT 1048576 MINEXTENTS 1 MAXEXTENTS 2147483645
  PCTINCREASE 0 FREELISTS 1 FREELIST GROUPS 1 BUFFER_POOL DEFAULT FLASH_CACHE DEFAULT CELL_FLASH_CACHE DEFAULT)
  TABLESPACE "USERS" ;
  
  
  
  CREATE TABLE "POJO"."HOUSE" 
   (	"HOUSE_NO" NUMBER(30,0) NOT NULL ENABLE, 
	"HOUSE_NAME" VARCHAR2(40 BYTE), 
	"HOUSE_ADDRESS" VARCHAR2(200 BYTE), 
  "HOUSE_ADDRESS_DETAIL" VARCHAR2(400 BYTE), 
	"HOUSE_PRICE" NUMBER(30,0), 
	"HOUSE_SCORE" NUMBER(20,0), 
	"HOUSE_INFO" VARCHAR2(4000 BYTE), 
	"MEMBER_ID" VARCHAR2(30 BYTE), 
	"DETAIL_ID" NUMBER(20,0), 
	"HOUSE_ROOM" VARCHAR2(20 BYTE), 
	"HOUSE_BATH" VARCHAR2(20 BYTE), 
	"HOUSE_HOSTING" VARCHAR2(20 BYTE), 
	"HOUSE_TV" VARCHAR2(20 BYTE), 
	"HOUSE_AIRCON" VARCHAR2(20 BYTE), 
	"HOUSE_WIFI" VARCHAR2(20 BYTE), 
	"HOUSE_ELEBE" VARCHAR2(20 BYTE), 
	"HOUSE_WASHING" VARCHAR2(20 BYTE), 
	"HOUSE_IMG" VARCHAR2(400 BYTE), 
	"HOUSE_DAY" VARCHAR2(20 BYTE), 
	"POSS_CHECK_IN" VARCHAR2(30 BYTE), 
	"POSS_CHECK_OUT" VARCHAR2(30 BYTE), 
	 CONSTRAINT "HOUSE_PK" PRIMARY KEY ("HOUSE_NO")
  USING INDEX PCTFREE 10 INITRANS 2 MAXTRANS 255
  STORAGE(INITIAL 65536 NEXT 1048576 MINEXTENTS 1 MAXEXTENTS 2147483645
  PCTINCREASE 0 FREELISTS 1 FREELIST GROUPS 1 BUFFER_POOL DEFAULT FLASH_CACHE DEFAULT CELL_FLASH_CACHE DEFAULT)
  TABLESPACE "USERS"  ENABLE
   ) SEGMENT CREATION IMMEDIATE 
  PCTFREE 10 PCTUSED 40 INITRANS 1 MAXTRANS 255 NOCOMPRESS LOGGING
  STORAGE(INITIAL 65536 NEXT 1048576 MINEXTENTS 1 MAXEXTENTS 2147483645
  PCTINCREASE 0 FREELISTS 1 FREELIST GROUPS 1 BUFFER_POOL DEFAULT FLASH_CACHE DEFAULT CELL_FLASH_CACHE DEFAULT)
  TABLESPACE "USERS" ;
  

  CREATE TABLE "POJO"."QUESTION" 
   (	"QUEST_NO" NUMBER(30,0) NOT NULL ENABLE, 
	"QUEST_TITLE" VARCHAR2(40 BYTE), 
	"QUEST_CONTENT" VARCHAR2(400 BYTE), 
	"QUEST_DATE" DATE,
	"MEMBER_ID" VARCHAR2(30 BYTE), 
	"DETAIL_ID" NUMBER(20,0), 
  "QUEST_REPLY_NO" NUMBER(30,0),
	 CONSTRAINT "QUESTION_PK" PRIMARY KEY ("QUEST_NO")
  USING INDEX PCTFREE 10 INITRANS 2 MAXTRANS 255 
  STORAGE(INITIAL 65536 NEXT 1048576 MINEXTENTS 1 MAXEXTENTS 2147483645
  PCTINCREASE 0 FREELISTS 1 FREELIST GROUPS 1 BUFFER_POOL DEFAULT FLASH_CACHE DEFAULT CELL_FLASH_CACHE DEFAULT)
  TABLESPACE "USERS"  ENABLE
   ) SEGMENT CREATION IMMEDIATE 
  PCTFREE 10 PCTUSED 40 INITRANS 1 MAXTRANS 255 NOCOMPRESS LOGGING
  STORAGE(INITIAL 65536 NEXT 1048576 MINEXTENTS 1 MAXEXTENTS 2147483645
  PCTINCREASE 0 FREELISTS 1 FREELIST GROUPS 1 BUFFER_POOL DEFAULT FLASH_CACHE DEFAULT CELL_FLASH_CACHE DEFAULT)
  TABLESPACE "USERS" ;
  
  
  CREATE TABLE "POJO"."QUESTION_TO_REPLY" 
   (	"QUEST_REPLY_NO" NUMBER(30,0) NOT NULL ENABLE, 
	"MEMBER_ID" VARCHAR2(30 BYTE), 
	"QUEST_REPLY_CONTENT" VARCHAR2(400 BYTE), 
	"QUEST_REPLY_DATE" DATE,
	"QUEST_NO" NUMBER(30,0), 
	 CONSTRAINT "QUESTION_TO_REPLY_PK" PRIMARY KEY ("QUEST_REPLY_NO")
  USING INDEX PCTFREE 10 INITRANS 2 MAXTRANS 255 
  STORAGE(INITIAL 65536 NEXT 1048576 MINEXTENTS 1 MAXEXTENTS 2147483645
  PCTINCREASE 0 FREELISTS 1 FREELIST GROUPS 1 BUFFER_POOL DEFAULT FLASH_CACHE DEFAULT CELL_FLASH_CACHE DEFAULT)
  TABLESPACE "USERS"  ENABLE
   ) SEGMENT CREATION IMMEDIATE 
  PCTFREE 10 PCTUSED 40 INITRANS 1 MAXTRANS 255 NOCOMPRESS LOGGING
  STORAGE(INITIAL 65536 NEXT 1048576 MINEXTENTS 1 MAXEXTENTS 2147483645
  PCTINCREASE 0 FREELISTS 1 FREELIST GROUPS 1 BUFFER_POOL DEFAULT FLASH_CACHE DEFAULT CELL_FLASH_CACHE DEFAULT)
  TABLESPACE "USERS" ; 
 

  CREATE TABLE "POJO"."REPORT" 
   (	"REPORT_NO" NUMBER(30,0) NOT NULL ENABLE, 
	"REPORT_CATEGORY" VARCHAR2(50 BYTE), 
  	"REPORT_SUBJECT" VARCHAR2(40 BYTE), 
	"REPORT_CONTENT" VARCHAR2(400 BYTE), 
	"REGIT_DATE" DATE,
	"MEMBER_ID" VARCHAR2(30 BYTE), 
  "REPORT_REPLY_NO" NUMBER(30,0),
	 CONSTRAINT "REPORT_PK" PRIMARY KEY ("REPORT_NO")
  USING INDEX PCTFREE 10 INITRANS 2 MAXTRANS 255 
  STORAGE(INITIAL 65536 NEXT 1048576 MINEXTENTS 1 MAXEXTENTS 2147483645
  PCTINCREASE 0 FREELISTS 1 FREELIST GROUPS 1 BUFFER_POOL DEFAULT FLASH_CACHE DEFAULT CELL_FLASH_CACHE DEFAULT)
  TABLESPACE "USERS"  ENABLE
   ) SEGMENT CREATION IMMEDIATE 
  PCTFREE 10 PCTUSED 40 INITRANS 1 MAXTRANS 255 NOCOMPRESS LOGGING
  STORAGE(INITIAL 65536 NEXT 1048576 MINEXTENTS 1 MAXEXTENTS 2147483645
  PCTINCREASE 0 FREELISTS 1 FREELIST GROUPS 1 BUFFER_POOL DEFAULT FLASH_CACHE DEFAULT CELL_FLASH_CACHE DEFAULT)
  TABLESPACE "USERS" ;

  CREATE TABLE "POJO"."REPLY" 
   (	"REPLY_NO" NUMBER(30,0) NOT NULL ENABLE, 
	"REPLY_CONTENT" VARCHAR2(400 BYTE), 
	"REPLY_DATE" DATE,
  "HOUSE_NO" NUMBER(30,0), 
	"MEMBER_ID" VARCHAR2(30 BYTE), 
	"DETAIL_ID" NUMBER(20,0), 
	
	 CONSTRAINT "REPLY_PK" PRIMARY KEY ("REPLY_NO")
  USING INDEX PCTFREE 10 INITRANS 2 MAXTRANS 255 
  STORAGE(INITIAL 65536 NEXT 1048576 MINEXTENTS 1 MAXEXTENTS 2147483645
  PCTINCREASE 0 FREELISTS 1 FREELIST GROUPS 1 BUFFER_POOL DEFAULT FLASH_CACHE DEFAULT CELL_FLASH_CACHE DEFAULT)
  TABLESPACE "USERS"  ENABLE
   ) SEGMENT CREATION IMMEDIATE 
  PCTFREE 10 PCTUSED 40 INITRANS 1 MAXTRANS 255 NOCOMPRESS LOGGING
  STORAGE(INITIAL 65536 NEXT 1048576 MINEXTENTS 1 MAXEXTENTS 2147483645
  PCTINCREASE 0 FREELISTS 1 FREELIST GROUPS 1 BUFFER_POOL DEFAULT FLASH_CACHE DEFAULT CELL_FLASH_CACHE DEFAULT)
  TABLESPACE "USERS" ;
  
  CREATE TABLE "POJO"."REPORT_TO_REPLY" 
   (	"REPORT_REPLY_NO" NUMBER(30,0) NOT NULL ENABLE, 
	"MEMBER_ID" VARCHAR2(30 BYTE), 
	"REPORT_REPLY_CONTENT" VARCHAR2(400 BYTE), 
	"REPORT_REPLY_DATE" DATE,
  "REPORT_NO" NUMBER(30,0),
	 CONSTRAINT "REPORT_TO_REPLY_PK" PRIMARY KEY ("REPORT_REPLY_NO")
  USING INDEX PCTFREE 10 INITRANS 2 MAXTRANS 255 
  STORAGE(INITIAL 65536 NEXT 1048576 MINEXTENTS 1 MAXEXTENTS 2147483645
  PCTINCREASE 0 FREELISTS 1 FREELIST GROUPS 1 BUFFER_POOL DEFAULT FLASH_CACHE DEFAULT CELL_FLASH_CACHE DEFAULT)
  TABLESPACE "USERS"  ENABLE
   ) SEGMENT CREATION IMMEDIATE 
  PCTFREE 10 PCTUSED 40 INITRANS 1 MAXTRANS 255 NOCOMPRESS LOGGING
  STORAGE(INITIAL 65536 NEXT 1048576 MINEXTENTS 1 MAXEXTENTS 2147483645
  PCTINCREASE 0 FREELISTS 1 FREELIST GROUPS 1 BUFFER_POOL DEFAULT FLASH_CACHE DEFAULT CELL_FLASH_CACHE DEFAULT)
  TABLESPACE "USERS" ;
  
  
  CREATE TABLE "POJO"."HOUSE_AVAIL_DATE" 
   (	"HOUSE_AVAIL_NO" NUMBER(30,0) NOT NULL ENABLE, 
	"AVAIL_CHECK_IN" VARCHAR2(30 BYTE), 
	"AVAIL_CHECK_OUT" VARCHAR2(30 BYTE), 
	"HOUSE_NO" NUMBER(30,0), 
	 CONSTRAINT "TABLE1_PK" PRIMARY KEY ("HOUSE_AVAIL_NO")
  USING INDEX PCTFREE 10 INITRANS 2 MAXTRANS 255 
  STORAGE(INITIAL 65536 NEXT 1048576 MINEXTENTS 1 MAXEXTENTS 2147483645
  PCTINCREASE 0 FREELISTS 1 FREELIST GROUPS 1 BUFFER_POOL DEFAULT FLASH_CACHE DEFAULT CELL_FLASH_CACHE DEFAULT)
  TABLESPACE "USERS"  ENABLE
   ) SEGMENT CREATION IMMEDIATE 
  PCTFREE 10 PCTUSED 40 INITRANS 1 MAXTRANS 255 NOCOMPRESS LOGGING
  STORAGE(INITIAL 65536 NEXT 1048576 MINEXTENTS 1 MAXEXTENTS 2147483645
  PCTINCREASE 0 FREELISTS 1 FREELIST GROUPS 1 BUFFER_POOL DEFAULT FLASH_CACHE DEFAULT CELL_FLASH_CACHE DEFAULT)
  TABLESPACE "USERS" ;


insert into MEMBER values ('hong', '홍길동', '1234', 'SKT', '01012345678', 'abc@naver.com', 'male', null, 'hello', 2, '회원');
insert into MEMBER values ('jang', '장길산', '5678', 'KT', '01012345678', 'abc@naver.com', 'male', null, 'hello', 2, '회원');
insert into MEMBER values ('test', '장길산', '1234', 'KT', '01012345678', 'fivehj55@naver.com', 'male', null, 'hello', 2, '회원');
insert into MEMBER values ('test1', '장길산', '1234', 'KT', '01012345678', 'fivehj55@naver.com', 'male', null, 'hello', 2, '회원');
insert into MEMBER values ('black', '검은사용자', '5678', 'KT', '01012345678', 'abc@naver.com', 'male', null, 'hello', 3, '블랙리스트');
insert into MEMBER values ('admin', '관리자', 'admin', 'U+', '01012345678', 'abc@naver.com', 'male', null, 'hello', 1, '최고관리자');
insert into MEMBER_DETAIL values (1, '최고관리자');
insert into MEMBER_DETAIL values (2, '회원');
insert into MEMBER_DETAIL values (3, '블랙리스트');
insert into HOUSE values (99, '베가빌', '충청남도 천안시 서북구 두정동  1660', '베가빌', 350000, 8.5, 'hello', 'hong', 2, '1개', '2개', '3명', 'tv', 'aircon', 'wifi', 'elebe', 'washing', null, '일', '2016/09/23', '2016/10/23');
insert into HOUSE values (98, '아크로텔', '충청남도 천안시 서북구 두정동  1464', '아크로텔', 350000, 8.5, 'hello', 'hong', 2, '1개', '2개', '3명', 'tv', 'aircon', 'wifi', 'elebe', 'washing', null, '일', '2016/09/23', '2016/10/23');
insert into HOUSE values (97, '베스티안오피스텔', '충청남도 천안시 서북구 두정동  1654 베스티안오피스텔', '베스티안오피스텔', 350000, 8.5, 'hello', 'hong', 2, '1개', '2개', '3명', 'tv', 'aircon', 'wifi', 'elebe', 'washing', null, '일', '2016/09/23', '2016/10/23');
insert into HOUSE values (96, '성심오피스텔', '충청남도 천안시 서북구 두정동  1644 성심오피스텔', '성심오피스텔', 350000, 8.5, 'hello', 'hong', 2, '1개', '2개', '3명', 'tv', 'aircon', 'wifi', 'elebe', 'washing', null, '일', '2016/09/23', '2016/10/23');
insert into HOUSE values (95, '주연빌', '충청남도 천안시 서북구 두정동  1647-1 주연빌', '주연빌', 350000, 8.5, 'hello', 'hong', 2, '1개', '2개', '3명', 'tv', 'aircon', 'wifi', 'elebe', 'washing', null, '일', '2016/09/23', '2016/10/23');
insert into HOUSE values (94, '유신빌딩', '충청남도 천안시 서북구 두정동  1700 유신빌딩', '유신빌딩', 350000, 8.5, 'hello', 'hong', 2, '1개', '2개', '3명', 'tv', 'aircon', 'wifi', 'elebe', 'washing', null, '일', '2016/09/23', '2016/10/23');
insert into HOUSE values (93, '두정패션타운', '충청남도 천안시 서북구 두정동  935 두정패션타운', '두정패션타운', 350000, 8.5, 'hello', 'hong', 2, '1개', '2개', '3명', 'tv', 'aircon', 'wifi', 'elebe', 'washing', null, '일', '2016/09/23', '2016/10/23');
insert into REGIST_HOUSE values (91, '2016/09/25', '2016/10/7', 99, 'jang');
insert into REGIST_HOUSE values (92, '2016/09/25', '2016/10/7', 98, 'jang');
insert into REGIST_HOUSE values (93, '2016/09/25', '2016/10/7', 97, 'jang');
insert into REGIST_HOUSE values (94, '2016/09/25', '2016/10/7', 96, 'jang');
insert into REGIST_HOUSE values (95, '2016/09/25', '2016/10/7', 96, 'jang');
insert into QUESTION values (89, '사기당했어요.', '하우스 등록자가 계속 전화를 받지 않습니다.', sysdate, 'jang', 2, null);
insert into QUESTION values (90, '사기당했어요.', '하우스 등록자가 계속 전화를 받지 않습니다.', sysdate, 'hong', 2, null);
insert into QUESTION values (91, '사기당했어요.', '하우스 등록자가 계속 전화를 받지 않습니다.', sysdate, 'jang', 2, null);
insert into QUESTION values (92, '사기당했어요.', '하우스 등록자가 계속 전화를 받지 않습니다.', sysdate, 'hong', 2, null);
insert into QUESTION values (93, '사기당했어요.', '하우스 등록자가 계속 전화를 받지 않습니다.', sysdate, 'jang', 2, null);
insert into QUESTION values (94, '사기당했어요.', '하우스 등록자가 계속 전화를 받지 않습니다.', sysdate, 'jang', 2, null);
insert into QUESTION values (95, '사기당했어요.', '하우스 등록자가 계속 전화를 받지 않습니다.', sysdate, 'hong', 2, null);
insert into QUESTION values (96, '사기당했어요.', '하우스 등록자가 계속 전화를 받지 않습니다.', sysdate, 'hong', 2, null);
insert into QUESTION values (97, '사기당했어요.', '하우스 등록자가 계속 전화를 받지 않습니다.', sysdate, 'jang', 2, null);
insert into QUESTION values (98, '사기당했어요.', '하우스 등록자가 계속 전화를 받지 않습니다.', sysdate, 'jang', 2, null);
insert into QUESTION values (99, '사기당했어요2.', '하우스 등록자가 계속 전화를 받지 않습니다2.', sysdate, 'hong', 2, null);
insert into QUESTION values (100, '사기당했어요2.', '하우스 등록자가 계속 전화를 받지 않습니다2.', sysdate, 'hong', 2, null);
insert into REPORT values (95, '피해사례', '이 사람 신고합니다.', '예약자가 입금을 하지 않습니다.', sysdate, 'hong', 1);
insert into REPORT values (96, '피해사례', '이 사람 신고합니다.', '예약자가 입금을 하지 않습니다.', sysdate, 'jang', 1);
insert into REPORT values (97, '피해사례', '이 사람 신고합니다.', '예약자가 입금을 하지 않습니다.', sysdate, 'hong', 1);
insert into REPORT values (98, '피해사례', '이 사람 신고합니다.', '예약자가 입금을 하지 않습니다.', sysdate, 'jang', 1);
insert into REPORT values (99, '피해사례', '이 사람 신고합니다.', '예약자가 입금을 하지 않습니다.', sysdate, 'hong', 1);
insert into REPORT values (100, '피해사례', '이 사람 신고합니다.', '예약자가 입금을 하지 않습니다.', sysdate, 'jang', 1);
insert into REPLY values (93, '집을 이용했는데 정말 좋았어요', sysdate, 93, 'hong', 2);
insert into REPLY values (94, '집을 이용했는데 정말 좋았어요', sysdate, 94, 'hong', 2);
insert into REPLY values (95, '집을 이용했는데 정말 좋았어요', sysdate, 95, 'hong', 2);
insert into REPLY values (96, '집을 이용했는데 정말 좋았어요', sysdate, 96, 'hong', 2);
insert into REPLY values (97, '집을 이용했는데 정말 좋았어요', sysdate, 97, 'jang', 2);
insert into REPLY values (98, '집을 이용했는데 정말 좋았어요', sysdate, 98, 'jang', 2);
insert into REPLY values (99, '집을 이용했는데 정말 좋았어요', sysdate, 99, 'jang', 2);
insert into REPORT_TO_REPLY values (1, 'admin', '요청이 처리되었습니다.', sysdate, 94);
insert into REPORT_TO_REPLY values (2, 'admin', '요청이 처리되었습니다.', sysdate, 95);
insert into REPORT_TO_REPLY values (3, 'admin', '요청이 처리되었습니다.', sysdate, 96);
insert into REPORT_TO_REPLY values (4, 'admin', '요청이 처리되었습니다.', sysdate, 97);
insert into REPORT_TO_REPLY values (5, 'admin', '요청이 처리되었습니다.', sysdate, 98);
insert into REPORT_TO_REPLY values (6, 'admin', '요청이 처리되었습니다.', sysdate, 99);
insert into QUESTION_TO_REPLY values (1, 'admin', '요청이 처리되었습니다.', sysdate, 99);
insert into QUESTION_TO_REPLY values (2, 'admin', '요청이 처리되었습니다.', sysdate, 98);
insert into QUESTION_TO_REPLY values (3, 'admin', '요청이 처리되었습니다.', sysdate, 97);
insert into QUESTION_TO_REPLY values (4, 'admin', '요청이 처리되었습니다.', sysdate, 96);
insert into QUESTION_TO_REPLY values (5, 'admin', '요청이 처리되었습니다.', sysdate, 95);
insert into QUESTION_TO_REPLY values (6, 'admin', '요청이 처리되었습니다.', sysdate, 94);
insert into QUESTION_TO_REPLY values (7, 'admin', '요청이 처리되었습니다.', sysdate, 93);
insert into HOUSE_AVAIL_DATE values (1, '2016/01/01', '2017/05/16', 99);
insert into HOUSE_AVAIL_DATE values (2, '2016/01/01', '2017/05/16', 98);
insert into HOUSE_AVAIL_DATE values (3, '2016/01/01', '2017/05/16', 97);
insert into HOUSE_AVAIL_DATE values (4, '2016/01/01', '2017/05/16', 96);
insert into HOUSE_AVAIL_DATE values (5, '2016/01/01', '2017/05/16', 95);
insert into HOUSE_AVAIL_DATE values (6, '2016/01/01', '2017/05/16', 94);
insert into HOUSE_AVAIL_DATE values (7, '2016/01/01', '2017/05/16', 93);

commit;